<?xml version="1.0" ?>
<?xml-stylesheet type="text/xsl" href="c.xsl" ?>
<Students>
    <Student>
        <name>John</name>
        <rollno>CS101</rollno>
        <department>CSE</department>
        <cgpa>9.5</cgpa>
    </Student>
    <Student>
        <name>Williams</name>
        <rollno>CE034</rollno>
        <department>CIVIL</department>
        <cgpa>7.4</cgpa>
    </Student>
    <Student>
        <name>Rohit</name>
        <rollno>EC087</rollno>
        <department>ECE</department>
        <cgpa>8.7</cgpa>
    </Student>
</Students>


<!-- xsltproc Students.xsl students.xml -->


Create an XML document for the following letter as per the element names – [ letter, date, addressee, 
name,  address_one,  address_two, greeting, paragraph,  italics,  list, item, closing ]. Also validate the 
XML file generated by writing the appropriate DTD. 
December 11, 2002 
Melvile Dewey 
Columbia University 
New York, NY 
Dear Melvile, 
I have been reading your ideas concering the nature of 
librarianship, and I find them very intriguing. I would love the 
opportunity to discuss with you the role of the card catalog in today's 
libraries considering the advent to World Wide Web. Specifically, how 
are things like Google and Amazon.com changing our patrons' expectations 
of library services? Mr. Cutter and I will be discussing these ideas at 
the next Annual Meeting, and we are available at the follow dates/times: 
* Monday, 2-4 
* Tuesday, 3-5 
* Thursday, 1-3 
We hope you can join us. 
Sincerely,  
James k Robert